0_x,1_x,2_x,3_x,4_x,5_x,6_x,7_x,8_x,9_x,10_x,11_x,12_x,13_x,14_x,15_x,16_x,17_x,18_x,19_x,20_x,21_x,22_x,23_x,24_x,25_x,26_x,27_x,28_x,29_x,30_x,31_x,32_x,33_x,34_x,35_x,36_x,37_x,38_x,39_x,40_x,41_x,42_x,43_x,44_x,45_x,46_x,47_x,48_x,49_x,50_x,51_x,52_x,53_x,54_x,55_x,56_x,57_x,58_x,59_x,60_x,61_x,62_x,63_x,64_x,65_x,66_x,67_x,68_x,69_x,70_x,71_x,72_x,73_x,74_x,75_x,76_x,77_x,78_x,79_x,80_x,81_x,82_x,83_x,84_x,85_x,86_x,87_x,88_x,89_x,90_x,91_x,92_x,93_x,94_x,95_x,id,0_y,1_y,2_y,3_y,4_y,5_y,6_y,7_y,8_y,9_y,10_y,11_y,12_y,13_y,14_y,15_y,16_y,17_y,18_y,19_y,20_y,21_y,22_y,23_y,24_y,25_y,26_y,27_y,28_y,29_y,30_y,31_y,32_y,33_y,34_y,35_y,36_y,37_y,38_y,39_y,40_y,41_y,42_y,43_y,44_y,45_y,46_y,47_y,48_y,49_y,50_y,51_y,52_y,53_y,54_y,55_y,56_y,57_y,58_y,59_y,60_y,61_y,62_y,63_y,64_y,65_y,66_y,67_y,68_y,69_y,70_y,71_y,72_y,73_y,74_y,75_y,76_y,77_y,78_y,79_y,80_y,81_y,82_y,83_y,84_y,85_y,86_y,87_y,88_y,89_y,90_y,91_y,92_y,93_y,94_y,95_y
20.606804482638836,-10.025755934417248,10.521830350160599,-1.7451009899377823,3.970821258146316,-2.7230659127235413,-0.4160570502281189,0.7596191763877869,2.2093136608600616,-3.926860061008483,9.736545071005821,-1.6280843019485474,4.054072618484497,1.0155706405639648,-11.513738185167313,5.060182183980942,8.131964303553104,-9.344063196331263,-6.529940634965897,6.925987336784601,-12.57026300765574,-0.42917317152023315,-9.781387664494105,0.4156287908554077,1.2949394546449184,-2.216975748538971,14.246764034032822,-11.438595455139875,1.8994323872029781,1.9355538487434387,-4.011941596865654,-6.042324885725975,-5.08648606389761,-2.4261638820171356,1.020177237689495,-4.2333909794688225,-2.0952630192041397,-0.031019236892461777,-2.928754985332489,8.284507967531681,0.4873545914888382,22.251124188303947,0.9567323625087738,-1.9316586405038834,-3.0927134416997433,-6.628308340907097,1.3086472265422344,-3.017021944746375,-6.934848688542843,-10.952183844521642,16.734592482447624,13.982701104134321,0.30648937821388245,16.264223717153072,-6.011652864515781,-9.03626169450581,10.423447787761688,-7.050158202648163,-2.988530181348324,-7.43791161570698,11.304831624031067,-10.596291840076447,5.717289239168167,-9.61726188659668,-2.2932069078087807,-11.383445758372545,-13.340483337640762,-15.595515832304955,-0.4458773136138916,11.261347882449627,0.4956638216972351,8.864321559667587,-8.105285078287125,-21.13453270494938,-9.416869603097439,-12.433740824460983,-16.237913265824318,-2.493005245923996,-0.7080820500850677,3.553544580936432,7.015074705705047,8.093956243246794,-3.9881720393896103,20.08312249928713,-12.547340996563435,-4.332016699016094,17.056842923164368,-22.319576241075993,3.423111990094185,-3.1440435647964478,-5.070151969790459,8.77700587362051,15.641464948654175,-10.00371141731739,10.439248517155647,9.31597350537777,0,18.584343187510967,-8.89359051734209,8.817423939704895,-2.4179226011037827,3.4284163117408752,-4.8631808161735535,2.9093731343746185,5.100776493549347,0.9008104503154755,-4.11867468804121,3.586629495024681,-2.794133186340332,2.597021162509918,-5.150969311594963,-13.107871755957603,6.434932440519333,7.024557895958424,-0.3593189902603626,-8.943706065416336,3.1252101995050907,-8.773494573310018,-0.7828289717435837,-10.998499251902103,-2.9954497814178467,1.948833104223013,-4.594579577445984,13.63528273999691,-10.068140726536512,4.462314952164888,5.962121844291687,-7.093918025493622,-12.758262749761343,-2.777102306485176,-4.944239586591721,3.5468342676758766,-3.3591779097914696,-1.2489827871322632,-0.6372412275522947,-4.6396342515945435,14.176573723554611,1.5120387375354767,19.681878432631493,-0.08464953303337097,-1.6850049197673798,-3.4236490689218044,-6.747756704688072,0.41656652465462685,-0.7357138842344284,-2.2050746306777,-10.201190577819943,14.193704470992088,11.972221251577139,-3.3058696389198303,14.686540871858597,-2.5934591069817543,-7.591651890426874,10.114143028855324,-8.096110332757235,0.7322609201073647,-3.613329187966883,9.170306351035833,-9.016465902328491,8.285961389541626,-8.738100051879883,-3.7336032763123512,-6.765914777293801,-10.947138756513596,-11.84235917031765,3.4589112401008606,10.450790777802467,4.492007285356522,6.182436138391495,-4.428140267729759,-12.77690602838993,-8.997100450098515,-10.441011786460876,-16.10040934383869,-3.7325505316257477,-0.6982988715171814,1.7556865215301514,2.4153393134474754,6.792411983013153,-1.250583365559578,12.830077297985554,-4.392168328166008,-2.760939173400402,10.046929195523262,-17.706675983965397,5.142390064895153,-2.578848399221897,-4.697183340787888,3.9790452122688293,8.367997109889984,-7.7300990372896194,7.592930376529694,6.681304551661015
-4.498188212513924,-14.29779851436615,15.38422042131424,-1.082618448883295,4.183778507634997,-1.9782856106758118,-12.125648587942123,2.802302099764347,-4.147158563137054,-12.610882997512817,10.528777725994587,8.078798006288707,-8.303590655326843,1.451635092496872,-4.938392654061317,-5.581308990716934,0.5718765780329704,-4.873663306236267,-11.140508346259594,-4.310966178774834,-1.7389222979545593,-1.7155617624521255,-2.1411999091506004,4.322158679366112,-4.151255220174789,-1.196315348148346,8.505965560674667,-4.6380787044763565,0.5000546858645976,-6.808746337890625,0.27886383421719074,3.818392138928175,-4.958729118108749,-6.20517891459167,8.2194678587839,0.4336700476706028,-8.190263085067272,-2.1782029569149017,-1.4733153730630875,-11.059394098818302,-2.1490844786167145,8.369027704000473,-2.7462190091609955,-2.6884410493075848,0.0909786969423294,-3.696985214948654,0.5709384358488023,9.886485129594803,-1.382650688290596,-4.642345085740089,9.304947644472122,6.9905999302864075,-0.08612634986639023,-2.1078319549560547,2.5665909498929977,-11.257336035370827,2.272526979446411,7.164826914668083,3.13044872879982,-0.8775981143116951,7.512804001569748,-9.872065871953964,6.259968504309654,8.026033900678158,0.11000037798658013,-1.9998274371027946,-4.17325396835804,-13.011636435985565,5.28275865316391,2.789731428027153,5.087153941392899,15.899246275424957,5.308371216058731,-20.78500534594059,-8.693931512534618,2.223041296005249,-6.092572249472141,6.374533757567406,-3.8644146360456944,8.309033155441284,11.15041235089302,2.2056069830432534,-2.0501419752836227,20.17840152978897,-6.78022500872612,-2.276873767375946,5.732969060540199,-15.194078110624105,1.0307647585868835,5.464014321565628,4.664182709529996,-0.8046267926692963,7.286478281021118,1.864391267299652,3.4007531702518463,3.431637227535248,1,3.4489125423133373,-16.880489975214005,15.032820105552673,15.646019864594564,-5.933851292356849,7.817446351051331,-19.342837378382683,-4.298985093832016,-2.7375166416168213,-11.448243661783636,10.570976354181767,-1.9866011962294579,-13.46592392027378,3.2081898897886276,-9.400225073099136,0.7882004678249359,-3.568612295202911,-3.3914417773485184,-19.730808898806572,2.095756158232689,-1.9564617723226547,6.618910808116198,-2.064370647072792,-1.8983531892299652,10.068427085876465,-9.722549214959145,2.7976765260100365,-12.258965957909822,5.198068507015705,8.3244504109025,1.5073124635964632,1.2967749647796154,1.8119992663851008,-16.575879901647568,12.875867888331413,-11.01437222957611,-7.995256181806326,3.0776276737451553,-6.507318511605263,-3.432502567768097,1.5901398807764053,6.581905380822718,-5.54169317195192,-9.729004345834255,8.962414592504501,-11.744893908500671,-6.472059171646833,8.346852868795395,6.8295750096440315,-6.796883050352335,23.801172129809856,13.788000464439392,-8.481752447783947,4.767168164253235,10.418669953942299,-5.876183897256851,5.153921157121658,22.138962876051664,20.079304084181786,-2.7838288247585297,12.130402252078056,-11.364632487297058,-9.134680405259132,1.9051067680120468,13.362715303897858,0.5921813249588013,-17.40032471716404,-6.4688369035720825,10.656392768025398,6.734869137406349,3.0958159416913986,22.22639787197113,3.9034767895936966,-12.523112393915653,-9.19294872879982,10.8082634806633,-15.561257362365723,12.84271651506424,-14.395966321229935,-2.6854783296585083,6.443030007183552,3.234611213207245,2.629288360476494,14.968945324420929,3.8413201570510864,1.2849454283714294,0.25618237257003784,-19.06005010008812,1.4757983833551407,1.2769203409552574,-6.205190382897854,-10.052807465195656,1.1415745168924332,-1.5042175948619843,2.1539610624313354,2.0954054594039917
17.879479587078094,0.008888863027095795,-3.580203041434288,9.583953514695168,4.028492748737335,-5.440067291259766,-9.872452706098557,-1.7527272999286652,-3.660309001803398,-11.295417837798595,2.5511928871273994,-6.606086008250713,-12.017574921250343,-1.3304398953914642,-12.034350655972958,3.979597806726815,10.10835725069046,-6.101024121046066,-16.45935094356537,0.19085794687271118,-12.007208555936813,17.450410529971123,-9.330151438713074,4.127068147063255,-1.5590193569660187,-6.251338731497526,7.588231518864632,-16.6971505433321,-3.64126542955637,14.225768193602562,-18.650018632411957,4.0692960768938065,8.606927413493395,-4.0215229243040085,5.956076502799988,-0.7690462954342365,6.975794423371553,5.541489399969578,-3.568471074104309,12.781576071865857,-3.198133170604706,5.306780889630318,-7.6499288603663445,3.8431376814842224,-2.051726460456848,-3.79943235963583,-5.735600233078003,0.7638877034187317,-0.8561557233333588,-4.448976203799248,11.495680958032608,4.865526688285172,8.182436749339104,4.0723313093185425,11.124791733920574,-3.9604261815547943,7.919326575472951,-9.101923391222954,11.891274319030344,-3.991438899189234,2.2949037551879883,-1.0700883865356445,-3.2821253053843975,-5.119068736210465,-2.945681780576706,-8.521870505064726,-8.665158540010452,-9.825855761766434,0.26302190124988556,15.525759134441614,-3.8146343883126974,13.49580836109817,14.541244074702263,-14.401431700214744,-2.4621762670576572,-6.114935517311096,-17.32950083911419,3.621315971016884,-1.0827171504497528,4.895342485047877,0.0629570484161377,8.142547756433487,6.015845838934183,19.097704976797104,-8.881043657660484,-9.712107103317976,0.7941418290138245,-1.4256625473499298,3.8782857060432434,-0.7475953102111816,7.243111662566662,8.460766516625881,2.6324501037597656,2.8335504201240838,-4.580890521407127,-7.127398252487183,2,13.694224581122398,-6.7058490216732025,7.638262465596199,1.63795006275177,-1.363097369670868,1.2767639011144638,2.740696169435978,-11.051424205303192,12.736901000142097,-4.573407739400864,-0.1995580792427063,0.2335410714149475,1.555079236626625,4.449794381856918,-0.8667568787932396,2.2066477090120316,11.440167993307114,-12.183642275631428,-6.020481586456299,-4.400987207889557,-9.680102244019508,12.744649797677994,-3.5455318987369537,2.595765635371208,1.289029449224472,-5.077561262995005,-1.1539462208747864,-5.827550411224365,-5.109386831521988,2.823512338101864,-8.081129342317581,-2.2174498811364174,1.066674429923296,-7.334062084555626,0.9917402863502502,2.1331288814544678,7.376554191112518,-3.0365462750196457,1.249375157058239,4.935492962598801,-1.7719418555498123,9.594402939081192,-10.136592343449593,9.51102590560913,-0.46237657591700554,-2.756357967853546,0.21955089271068573,-1.9168629050254822,-5.2267225086688995,-12.600369982421398,13.877744313329458,10.957263849675655,3.9097850024700165,19.41429576277733,-8.2162534147501,0.48954176902770996,0.7903744205832481,-10.275577962398529,12.002388641238213,-0.8713121190667152,5.261373400688171,7.257208421826363,-1.783110210672021,-3.14847169816494,-5.200364202260971,-10.49017521739006,-14.45155580341816,0.35318611562252045,8.020060688257217,4.599546283483505,-1.341198205947876,7.8647139966487885,5.647384062409401,-19.180231243371964,-7.672821587184444,5.824389107525349,-8.640718780457973,-6.169574968516827,-8.60341326892376,10.527332916855812,-7.532437726855278,-0.9503037557005882,7.389355458319187,22.09628462791443,-4.198122039437294,-0.3416318269446492,-5.743008375167847,0.8633795529603958,1.2043801248073578,-5.150021925568581,-7.195006430149078,4.376480579376221,-7.224319666624069,3.5013098940253258,11.469462245702744,-3.2669132836163044
-10.511412024497986,-4.508058071136475,8.276521071791649,-5.3974437564611435,-6.439587019383907,4.543346166610718,-7.424663841724396,-17.012722313404083,-1.5675748698413372,-15.319146931171417,-9.174745753407478,1.3037070482969284,-2.0290369391441345,-19.84224244952202,-1.9486158899962902,8.900635965168476,2.176649332046509,-4.249337777495384,2.7166461497545242,3.54346717428416,-4.8922606110572815,1.4650947749614716,4.664487212896347,22.052602671086788,10.980560421943665,7.195195287466049,-8.959869861602783,-14.544288128614426,-0.6686651408672333,-4.751008689403534,-2.354905314743519,0.6351703107357025,4.1045307368040085,-12.752200938761234,-15.474999129772186,18.663132578134537,11.732983380556107,-2.0343781858682632,2.1913290470838547,2.9322802647948265,-10.371713623404503,-5.2415599673986435,11.054171454161406,-0.4955849051475525,-2.611673414707184,-7.559418052434921,18.21899062395096,-0.41348403692245483,0.8075188398361206,0.19112490233965218,-1.2613116055727005,8.67950975894928,-3.2835864275693893,-4.57310381019488,0.703518807888031,5.108670115470886,-1.2121284306049347,-0.8012678921222687,11.376123398542404,-3.3248215913772583,15.494128733873367,-1.1525025963783264,-3.156345009803772,20.665905117988586,9.991088658571243,-3.3275524750351906,-3.996695265173912,-20.08719354495406,-0.9381911158561707,-7.072236314415932,8.307683438062668,18.32919406890869,0.42867549508810043,-4.7174416072666645,18.35361729306169,-9.198644399642944,-10.471021071076393,6.6666982769966125,-12.4356449842453,-7.2529403157532215,-14.498705744743347,-4.805605947971344,7.37751442193985,14.328900873661041,1.675588458776474,11.227174127474427,-4.456675052642822,-10.488336950540543,12.491549789905548,11.755244135856628,-0.43139082193374634,7.756031960248947,-15.29006390273571,-10.357706546783447,6.281173080205917,-4.031971611082554,3,2.801698789000511,-4.102400779724121,-0.6752292513847351,-2.446571685373783,3.7892853021621704,8.748529732227325,-5.170571118593216,-8.852681532502174,-4.021472305059433,-1.5356954783201218,0.6773404031991959,-6.212133973836899,1.183736888691783,-11.765654265880585,-1.327778398990631,4.45466160774231,3.1428289134055376,-1.067447304725647,-2.7313618510961533,1.7890766561031342,8.304228529334068,4.427553176879883,7.785598516464233,4.44962877035141,1.0099897980690002,-0.20111451297998428,-0.914746880531311,-1.2875585657311603,-6.334039211273193,-0.6856288313865662,-15.183968365192413,2.573367635719478,2.0982556343078613,-10.02224849164486,0.83250492811203,10.164680540561676,9.061748147010803,-6.488794207572937,1.0927546620368958,-0.4366136994212866,-7.430062562227249,4.780378319323063,-3.3577809296548367,7.752782344818115,3.2942065596580505,-5.048917591571808,3.158844545483589,3.846276745200157,1.7192955017089844,-6.235754927620292,4.38017712533474,8.705668330192566,1.2761507630348206,11.04914927482605,-4.599089086055756,-1.6270375847816467,3.6199007630348206,4.295112788677216,7.554879188537598,1.2603171467781067,-6.2559636533260345,13.054149389266968,-0.6594910025596619,5.311636701226234,-0.5766164064407349,-9.07337573170662,2.1572698950767517,-4.629608288407326,-2.425767958164215,6.577073387801647,-3.566809505224228,4.520710527896881,1.6480321139097214,-12.582837477326393,-2.4467534720897675,4.163555353879929,-14.036153227090836,0.21175315976142883,2.089183121919632,-0.25530850887298584,-6.89116907119751,-0.8467268571257591,-4.506838798522949,2.4331042766571045,0.12758039683103561,4.072898559272289,-0.7009072527289391,-4.558454342186451,7.8464742712676525,-2.1980876326560974,1.8123078271746635,-3.465566635131836,-4.802842855453491,2.7632376104593277,8.6795993745327,-2.5589063093066216
6.137143403291702,-4.672439724206924,19.601668274961412,-6.373208712786436,-8.300358295440674,-17.952219367027283,-13.174451135098934,12.15446737408638,-5.952279657125473,-0.10401812195777893,22.872631188482046,-14.734038796275854,-10.130060523748398,5.27876690030098,-15.245209753513336,14.46280586719513,4.846674907952547,-11.335323117673397,0.8571138828992844,-4.615229904651642,-5.197992471046746,-2.1648760437965393,-5.947444995865226,1.5156939327716827,-6.620450980961323,0.10084451735019684,18.63403046131134,-10.562417719513178,8.415298372507095,5.612197369337082,3.713393084704876,-0.8875353336334229,10.004770338535309,-13.047550201416016,2.973214547149837,-14.220447227358818,9.170404352247715,15.050091579556465,-0.599003866314888,8.809214796870947,4.959001824259758,-1.8244600873440504,-7.798436552286148,0.9353517200797796,-1.4737465418875217,-18.654873698949814,-6.1009105909615755,14.125177383422852,23.78071290254593,-7.394365850836039,23.44130275771022,-7.455798223614693,8.195416264235973,-17.651099994778633,7.905918143689632,-15.26582033932209,-0.4913408197462559,-5.366399999707937,2.8468139842152596,7.849916905164719,-0.1756143793463707,-17.93059466779232,1.5622811019420624,-5.902520202100277,-18.07313157990575,-4.740733236074448,-5.082732565701008,-5.123739570379257,4.801104409620166,17.001172244548798,-6.645031146705151,9.258932799100876,21.936600863933563,-16.680427134037018,-0.221622496843338,-4.363422602415085,-11.082333460450172,4.5661943554878235,-18.28932731691748,1.6732842475175858,12.474920989945531,17.81390141695738,8.668909646570683,18.430787086486816,0.4925159513950348,3.9299308052286506,-0.6683752276003361,-22.63277918100357,-18.12579546868801,1.4456550139002502,-1.1920867711305618,-7.047556817531586,41.16933476924896,-15.533428817987442,10.91519445180893,19.914693266153336,4,10.20597392320633,-8.814557768404484,4.794304773211479,-0.4673415645956993,1.6245482712984085,-4.655235230922699,-5.102882306091487,7.429651141166687,3.260699152946472,-5.088789984583855,9.956718504428864,-11.209773659706116,5.702041894197464,-0.6793153285980225,-12.661768436431885,12.97169679403305,2.180057644844055,-2.925502147525549,2.39481782913208,-0.06806790828704834,-0.846817210316658,11.331602208316326,-6.774556231452152,-0.6910825371742249,2.851983919739723,-1.3859163522720337,5.583362746052444,-8.741053208708763,0.8862806558609009,8.884794056415558,0.578757107257843,-3.6922976076602936,-7.854890614748001,-5.001826297491789,-4.397996425628662,0.4473065324127674,-0.7893662452697754,1.3133148550987244,0.5434954017400742,10.541850239038467,-5.296995639801025,5.3770879209041595,-6.3189930114895105,-5.305971562862396,6.644563764333725,-1.2380175665020943,-0.6079998314380646,5.2884520292282104,6.4120854139328,-2.1883964352309704,9.412487268447876,13.41606029868126,1.1951026916503906,7.999194264411926,3.230534076690674,-2.5728029310703278,-0.7673398554325104,-7.66973789036274,9.763725459575653,-4.639206163585186,0.7029811590909958,-5.451403610408306,3.2894603461027145,-7.2503697872161865,-5.734024286270142,3.746829127892852,-8.942491635680199,1.6914973706007004,-3.1988912522792816,5.704968333244324,5.524240136146545,8.676795072853565,2.8630069494247437,-11.891245633363724,-13.501533448696136,4.929554365575314,-12.059149585664272,0.3430045684799552,-11.371465027332306,-7.750564217567444,-0.19646816328167915,11.087877206504345,4.289487510919571,4.643288552761078,0.5819348096847534,-5.829837948083878,3.749201647937298,-5.02918553352356,1.1617720779031515,1.9088921546936035,-2.7974362522363663,-1.8768732510507107,3.719095543026924,-2.420611470937729,-7.618282586336136,0.7822511605918407
12.156235814094543,-4.231932168826461,16.94864163128659,1.1768242567777634,4.461649641394615,7.6611916944384575,4.916972771286964,-3.1636555790901184,0.4972267523407936,4.21686327457428,13.729784786701202,-5.085145652294159,-4.080999493598938,-2.9595225416123867,-13.607310116291046,-9.376240670681,3.7713586539030075,-7.3208894059062,-4.1921766102313995,8.989582628011703,-12.477455139160156,-10.431741029024124,-1.1867746245115995,22.29143515229225,13.571567848324776,2.2639994993805885,7.1943309754133224,-18.59384959936142,13.38733758032322,-1.0034987926483154,3.2999247312545776,0.9613270461559296,16.943847700953484,-6.186571359634399,-5.558975704014301,-19.601330786943436,-9.979752376675606,2.1752545535564423,-0.2738310694694519,0.3563144654035568,-4.6924837827682495,16.606764886528254,-10.257393851876259,-6.484149351716042,10.580283612012863,-10.913767755031586,8.439905941486359,-8.425002753734589,-5.818765342235565,-10.43251159787178,9.08432575315237,-2.7304789051413536,3.903190329670906,3.768029659986496,6.666653549298644,-21.20047813653946,4.9377115070819855,14.73123875260353,15.107454627752304,-11.449824425391853,20.4676778241992,-9.160889506340027,0.1894276812672615,0.7704816460609436,-7.349451556801796,-7.425351537764072,-24.814933769404888,-22.71089294552803,5.562181502580643,-2.1224348079413176,1.930368460714817,23.323091950267553,5.8525149477645755,-10.898818552494049,-14.45033822953701,-1.1921559125185013,-13.1391846165061,1.0556602776050568,-6.163115723058581,14.14547935128212,-0.48313814401626587,-6.483789563179016,11.227580793201923,17.51565909385681,-3.839462213218212,3.2808692287653685,-0.9755429327487946,-17.154712181538343,-2.074351415038109,4.945910185575485,-3.8926703929901123,-1.6415120288729668,0.25347842276096344,3.623695742338896,-0.32023194432258606,-0.3464999943971634,5,-2.5771252810955048,-16.167273670434952,15.617058292031288,1.4092736914753914,7.903625041246414,-6.577052988111973,-4.338389158248901,-5.45555917173624,5.185107320547104,-3.653268799185753,13.579345040023327,-3.633233565837145,-13.048710197210312,15.244745686650276,-4.08507389575243,-5.220931127667427,-0.22999601066112518,-26.804874495603144,1.071717768907547,4.634204640984535,-4.391481094062328,-21.550936311483383,-7.231207944452763,26.216515213251114,7.015492543578148,2.913376733660698,0.5775737594813108,-3.161247782409191,3.115548297762871,-5.05651618540287,6.4898674064315856,13.136250272393227,0.6890955492854118,-9.877478703856468,3.6349628856405616,-23.956075191497803,-6.063736207783222,1.892993986606598,2.4245452731847763,-10.734441608190536,-3.269164089113474,15.772928696125746,-10.8788877800107,-4.427267789840698,-1.244495440274477,-14.118752654641867,4.4733141753822565,3.765238646417856,4.058894291520119,-15.766577742993832,10.735501125454903,14.430831372737885,11.864370703697205,-3.0234556728973985,-6.388918042182922,-19.995936453342438,-2.5375197529792786,19.122277677059174,4.463764399290085,-2.9848909825086594,13.488889798521996,3.7504822462797165,-0.9376652352511883,12.642560816835612,0.5906207641819492,-7.908545155078173,-9.872725859284401,-21.924690306186676,3.4451531767845154,-0.4765722379088402,1.130825400352478,15.87999153137207,3.962311141192913,-13.99694448709488,-18.571648508310318,-5.27949770539999,1.9196858294308186,9.601008713245392,-10.132926523685455,11.887073118239641,7.04879367351532,-1.384986162185669,13.104376872535795,21.461888134479523,-9.384447902441025,17.95057036355138,9.545597219839692,-16.383140635676682,-4.847408473491669,-8.438165441155434,-0.5281979739665985,-3.8884702175855637,0.22283334098756313,2.273714881390333,16.556940972805023,4.0078506246209145
0.9739444181323051,-5.614926993846893,-2.1431527137756348,2.5969058573246,-4.809656500816345,1.9177963733673096,5.128256022930145,-1.918944239616394,-4.570226013660431,-5.946767807006836,-2.908546566963196,-1.1470130681991577,-1.0048803091049194,-0.6663408279418945,-2.1461507976055145,6.582732141017914,4.7799437046051025,0.596741259098053,-3.884541928768158,-1.7224278301000595,-2.188474178314209,2.7048075199127197,-4.015631198883057,9.019174873828888,4.281838417053223,1.5468160808086395,-5.288557201623917,-2.9497897028923035,-1.7247203588485718,-5.501242786645889,-3.356579065322876,2.231912389397621,5.140458345413208,-5.162238836288452,-7.297505855560303,6.640935122966766,4.751493275165558,0.2158007174730301,1.7086963653564453,6.037932813167572,-4.127670437097549,5.799461245536804,2.4371205866336823,2.627249598503113,-1.6128077507019043,-1.516042947769165,2.408445119857788,-3.010990172624588,-1.9490050002932549,2.3385250568389893,1.2645948827266693,11.979735374450684,0.24572265148162842,3.919684886932373,1.9887124300003052,-11.761118412017822,4.697209656238556,-1.2648829147219658,10.391060814261436,2.767007350921631,8.927691578865051,-0.9899844527244568,2.2597535252571106,-2.3537397533655167,0.6505280137062073,-1.394213229417801,-8.008659601211548,-4.711782813072205,-2.790177084505558,-0.6340606808662415,2.908355236053467,9.562559723854065,-4.2670353055000305,-0.4203674793243408,-0.9129381775856018,4.921860337257385,-10.39808177947998,0.9692174196243286,-5.472758054733276,-2.9708532821387053,-2.3721757382154465,-2.9201791286468506,-0.6394646167755127,0.5746796447783709,-5.758164897561073,-5.415050387382507,-1.1849859058856964,-5.61943793296814,0.3285437226295471,-2.1502639055252075,1.0969444513320923,5.26287579536438,-4.8908973932266235,1.2223463654518127,-0.9600580930709839,-2.6531306207180023,6,-0.2627563998103142,1.6615410894155502,-3.5224605053663254,-14.516531884670258,4.414216339588165,5.091451171785593,6.952778488397598,7.2290597558021545,11.794828712940216,-4.351988032460213,-3.275237560272217,-4.414191700518131,-5.501819610595703,1.0183020532131195,-4.111314475536346,2.7480620751157403,-11.360354214906693,-2.001866929233074,2.3415163159370422,-0.7197249718010426,-13.693231254816055,-10.846302896738052,5.99668538197875,1.2762017995119095,7.849025160074234,2.052988424897194,3.988250643014908,-1.368857890367508,3.866431498900056,0.9260579943656921,-11.481630250811577,-0.10727390646934509,9.965229347348213,-4.2409346997737885,-0.016831398010253906,-5.351954340934753,8.427388068288565,11.795868784189224,-17.252799928188324,17.42754417657852,-2.3464434519410133,-8.042467892169952,-12.751733034849167,-14.877571880817413,-1.945757932960987,-15.527171552181244,1.4026566296815872,-0.6146872639656067,11.2376559227705,-1.8068679198622704,11.620599702000618,8.74558961763978,8.228437062352896,-10.906638443470001,6.55760920420289,-3.6905031204223633,1.7203749120235443,5.463524520397186,-10.961108386516571,17.896800711750984,2.520704001188278,1.8904865682125092,-4.396917819976807,-10.516603020951152,5.549972131848335,-7.048195041716099,-6.591925881803036,0.2845662832260132,11.407787196338177,-1.8657562360167503,2.2675938680768013,3.4740916788578033,-2.2703065872192383,-3.263181447982788,4.333032995462418,-8.323608383536339,-1.1307980418205261,1.128680169582367,1.4298451393842697,5.812576934695244,-0.7473797276616096,6.159994259476662,17.44270631670952,17.28530302643776,0.10438185930252075,6.999594185501337,-3.9410172728821635,-5.923843003809452,-10.522916093468666,-1.6292210668325424,-13.383478371426463,-3.039545498788357,2.1457658410072327,-6.974487254396081,7.27693484723568,4.37764935195446
2.5899727642536163,-5.193005949258804,3.800498779863119,-5.352902472019196,1.405537262558937,3.1988865584135056,-3.7633089423179626,-2.4027191400527954,1.2722726464271545,-6.20341731607914,-2.346415853127837,-0.7852212190628052,-5.407968200743198,-6.575670480728149,-6.460599951446056,1.4913725703954697,4.429311811923981,3.481345146894455,-8.739336907863617,-3.891482710838318,0.056446969509124756,-3.1945436000823975,-2.1634296476840973,8.84582805633545,3.7145090997219086,3.3595688194036484,4.067496478557587,-7.350409150123596,1.9862796068191528,1.416845589876175,-3.700557976961136,-4.0471362844109535,-0.4486190788447857,-4.624358355998993,-0.22842222452163696,2.5667977929115295,1.572158932685852,-5.239510655403137,-3.7230363190174103,-2.689268723130226,-6.481775879859924,4.069043695926666,0.710359513759613,1.374583002179861,-1.731937263160944,2.4461439549922943,1.4838147163391113,-2.0779011249542236,0.2560994327068329,1.0046439822763205,3.3436441496014595,9.255185775458813,-1.317370779812336,-1.7768475115299225,5.110944494605064,-2.708719253540039,2.3370003700256348,-0.8847011402249336,8.210372984409332,-4.192102462053299,5.785716623067856,0.5817787051200867,0.4759253263473511,3.415381669998169,0.39167237281799316,-3.927011614665389,-7.646456003189087,-11.592649698257446,1.9437383338809013,0.532978743314743,-2.5745643377304077,12.364089861512184,7.787304759025574,-4.598770844517276,6.242069959640503,1.0969018721953034,-0.14988211169838905,2.0663738399744034,-2.7838632613420486,-3.1448792815208435,-4.593920141458511,-0.7867987304925919,9.046992238610983,6.569867014884949,-2.801904397085309,2.414659261703491,-5.825597643852234,-3.0284503996372223,3.7061951756477356,-2.830211728811264,-1.0717412680387497,-1.440498173236847,2.032409369945526,2.1748177260160446,4.088294625282288,-5.6112761199474335,7,4.090737164020538,-9.11654943227768,5.133701801300049,-3.373391330242157,1.5392752774059772,1.1131367087364197,4.190847933292389,-2.192692995071411,-0.23115159571170807,-6.723585844039917,-5.480813711881638,2.2988424599170685,-7.4267913699150085,-4.662270903587341,-9.767429307103157,-0.4881521463394165,6.8052970468997955,6.157901287078857,-9.55659395456314,-4.241279686335474,3.0798713862895966,-1.536799281835556,-6.051128908991814,10.132290184497833,11.01783986389637,5.261650905013084,3.274495080113411,-9.133630967698991,4.050208151340485,0.724702924489975,-4.747235551476479,-7.841076210141182,4.1778468787670135,-4.351943727582693,6.4624022003263235,-1.8599292784929276,2.5033700466156006,-12.335922956466675,-6.25830739736557,1.2754217386245728,-6.241076033562422,9.249598234891891,-0.6110226511955261,4.156116634607315,0.9785914085805416,4.106658235192299,1.1373825073242188,-4.834612898528576,2.2659340500831604,1.0423044115304947,6.843254327774048,12.685733437538147,-3.8472449630498886,5.8114373087883,3.26997609436512,-7.101578548550606,7.109124422073364,0.4794319234788418,13.586855739355087,-5.179548319429159,8.167040413245559,-4.961173623800278,-1.111295223236084,-2.0713233053684235,-2.806662082672119,-4.661181539297104,-10.492713540792465,-7.834071457386017,-2.294465497136116,5.391763985157013,-2.7837190330028534,18.781845215708017,6.312233559787273,-6.218658670783043,-2.013595439493656,-0.16112585365772247,-6.360133081674576,3.695891797542572,1.8958931267261505,-1.7347931861877441,-5.613185435533524,-6.242475621402264,8.033295273780823,3.7913599014282227,-2.0593345165252686,0.9334167540073395,-4.120188236236572,-4.6461746245622635,8.009485393762589,-1.4592198133468628,2.632170230150223,-0.8279821947216988,-0.75825035572052,-3.1209223568439484,1.173229843378067,-7.613391578197479
-4.4437965750694275,5.37359182536602,-1.7494142055511475,6.74442882835865,-11.272753655910492,-0.006091415882110596,0.06976710259914398,-10.117698669433594,-0.6402601003646851,-3.2620342820882797,-4.320093050599098,4.747886598110199,-6.828348994255066,-7.4079990684986115,-2.1211398243904114,0.6029031872749329,-3.7182639241218567,4.663456246256828,2.771746814250946,8.491782575845718,-11.649539142847061,-2.2419718503952026,-2.2160810232162476,5.806755721569061,1.9828054755926132,-0.8120969235897064,-12.30971184372902,-9.21255737543106,1.72976815700531,0.16332384943962097,-10.966188192367554,-0.9320366606116295,16.29857048392296,-2.938337951898575,-1.2203409522771835,4.564477980136871,5.045796751976013,-7.700520157814026,3.0337360501289368,11.682095259428024,3.563026487827301,3.9238013859139755,2.8431392908096313,5.220191448926926,4.040336400270462,-5.1209904327988625,-0.9844424426555634,-7.89153116941452,14.93351224064827,-2.791364908218384,7.5769551657140255,7.295239567756653,-0.24446609616279602,-1.6280503571033478,1.4872194528579712,-6.625206410884857,-0.8173187375068665,-8.085416421294212,9.393034644424915,-4.457972839474678,8.081221491098404,7.794329345226288,3.545418832451105,5.032765656709671,0.29504306614398956,-3.3726125434041023,-0.7345493584871292,-5.927315652370453,1.8844586536288261,2.2430069744586945,12.323519229888916,7.446088060736656,-3.6392740681767464,-8.704684406518936,9.520678758621216,0.9000019729137421,-8.88193815946579,-3.7253594994544983,-8.56175297498703,0.5303871035575867,-4.157058757729828,-2.432803303003311,4.823220118880272,4.647513337433338,6.224753379821777,1.3209309726953506,-0.01009628176689148,-7.1269124411046505,6.679182954132557,-1.5785595178604126,1.1556224077939987,5.42812842130661,-10.799997001886368,5.495972089469433,-2.895597606897354,-1.730448067188263,8,-9.947797169908881,1.931459070648998,5.791013807058334,4.766064167022705,-14.144354283809662,-1.7722591757774353,1.7277858443558216,-6.434497237205505,2.521787792444229,-4.828336238861084,-5.922709599137306,7.570227757096291,-9.923168197274208,-3.928345412015915,-4.7157726883888245,2.542932629585266,-5.783296525478363,8.824935749173164,7.6661097407341,5.810503765940666,-11.22248587012291,-5.0965810269117355,-5.907941922545433,7.817968502640724,7.309199750423431,-1.0262177288532257,-8.849331736564636,-1.087906539440155,0.6814740896224976,1.0311094298958778,-4.806114286184311,-2.0206566601991653,15.09244492650032,-7.230404019355774,-0.9305198788642883,1.0051037669181824,11.699816823005676,-6.299327969551086,-0.9690794423222542,15.16287186741829,5.119142860174179,2.287407860159874,7.369996398687363,2.481702506542206,7.837254200130701,-8.926490053534508,-1.242505095899105,-12.359738618135452,3.7814358323812485,-3.697199732065201,5.184158265590668,2.2820979356765747,3.425524264574051,-4.823512762784958,3.1505252569913864,-6.152382969856262,1.237254559993744,-7.271442070603371,12.18692883849144,-11.32340943813324,7.027109146118164,9.157685935497284,4.93919013813138,7.387583419680595,-0.5241568982601166,-2.500967413187027,-3.371073044836521,-1.7622472941875458,1.436646431684494,2.8718510242179036,14.373043417930603,2.79677677154541,-3.1157098300755024,-6.92301732301712,9.10131773352623,8.33663634210825,-10.054412562400103,-7.353197395801544,-3.3513256311416626,2.120537757873535,-7.419837597757578,1.7048675119876862,3.573024243116379,4.729201950132847,4.19609147310257,1.3983943164348602,-3.6427283883094788,-6.608950555324554,4.875437930226326,1.0092113465070724,-1.980845920741558,5.487779974937439,-9.397016748785973,8.829997636377811,-4.21684530377388,-6.256832346320152
7.1179304122924805,-0.8912729024887085,3.964879274368286,12.982204691041261,1.7606136202812195,-7.46392548084259,-0.8883952498435974,-18.80179876089096,-12.808570742607117,-2.7065968960523605,19.66700053215027,-7.985467549413443,-6.298965156078339,0.42261606454849243,1.6170962452888489,1.2025313824415207,5.159348759800196,2.297015756368637,-12.55834674835205,-4.94927579164505,-4.025757551193237,-8.856548130512238,-9.294571176171303,7.327507629990578,1.953373298048973,-1.408026322722435,-1.4742573499679565,-5.391179859638214,4.337913274765015,-5.8051664009690285,10.29601776599884,8.804703123867512,4.304763145744801,-5.445866167545319,1.877212107181549,4.257574498653412,-6.532644525170326,1.8186830878257751,4.221239477396011,-1.5236668214201927,-10.215806812047958,3.9808725342154503,-2.2231832295656204,3.8488520681858063,4.911072485148907,-7.901043087244034,-0.11995004862546921,3.832950323820114,-6.691879212856293,-3.708510938100517,6.324711203575134,8.278078615665436,2.797897517681122,1.5230558887124062,-1.150849163532257,-10.919867217540741,7.219394087791443,4.966792464256287,5.601917073130608,-4.043526649475098,12.338568910956383,-8.714489161968231,2.632198140025139,4.202720649540424,3.7576715648174286,-6.705896705389023,-14.717290431261063,-13.387205362319946,3.5214964747428894,4.32093220949173,1.9614921659231186,10.983888983726501,-6.037625074386597,-12.807452373206615,-9.633329272270203,10.177501246333122,-6.752551704645157,3.199532836675644,-10.018021047115326,7.4271727204322815,6.842731073498726,-1.8413339406251907,-5.555778607726097,9.223832294344902,-11.455513030290604,-0.16631165146827698,-3.207568012177944,-4.522726520895958,9.678888127207756,2.501598283648491,-0.22044379264116287,-1.9226062819361687,4.856368139386177,4.579973980784416,-0.6737940646708012,-2.1354066133499146,9,7.136013321578503,-11.609145864844322,-0.16976254805922508,2.384532541036606,-0.6773846372961998,-5.196057438850403,-8.574921488761902,-11.661750227212906,-3.447778582572937,-1.7122413218021393,6.857328489422798,-0.7217724174261093,-11.370273888111115,-9.360533192753792,1.7222851812839508,-3.2312080562114716,6.943512856960297,-2.4342374205589294,-4.114966798573732,-0.421365350484848,-7.4699385818094015,2.697721928358078,-4.075827524065971,19.927441611886024,7.334740802645683,0.3840464651584625,-2.4426692128181458,-12.1454017162323,-0.8860068880021572,-7.972674500197172,0.5174168348312378,3.2457357570528984,2.3126109838485718,-6.594586938619614,1.034688338637352,-3.9116034507751465,0.20972446352243423,-1.2515752166509628,0.7188278138637543,-4.326716177165508,-11.283933579921722,18.20149762928486,-5.9151245057582855,2.2572945468127728,-2.154653921723366,-3.7716230638325214,6.718349277973175,0.2804803177714348,-2.0494363009929657,1.4052356779575348,2.1210868805646896,3.329080820083618,0.07712078094482422,-1.5152389407157898,0.08496297895908356,-5.4929101169109344,2.600187599658966,0.9707489758729935,5.897782564163208,-5.528056845068932,8.984176933765411,3.641190528869629,3.7162634432315826,-4.494713678956032,12.549262166023254,-2.406883157789707,-6.801423221826553,-7.9855460822582245,-1.0536922067403793,3.4801466055214405,-4.79892223328352,14.000563263893127,-1.053000584244728,-8.312069565057755,2.969030722975731,-1.3598379790782928,-3.568353310227394,2.6129153966903687,-5.998400762677193,6.908580422401428,2.661619007587433,2.722866505384445,6.033668398857117,16.998587594367564,-9.74793565273285,3.303279686719179,4.353039249777794,-12.826211094856262,2.8323454558849335,-0.6623771786689758,-2.224498748779297,2.8301355727016926,5.100783199071884,-2.8587441444396973,2.9578434228897095,-6.718355899676681
11.505507200956345,-2.290836125612259,-5.004744224250317,3.1978307962417603,7.522333472967148,-0.3965187333524227,4.629984259605408,-1.5283690690994263,-6.486440926790237,-7.143243134021759,13.641626119613647,-7.983849577605724,-13.573054820299149,0.5005462616682053,1.3352635204792023,11.163989260792732,5.7148841843008995,-14.950590372085571,-4.904214978218079,-3.0850083380937576,-12.37229871749878,6.809378117322922,-12.71176740899682,2.6323617100715637,-6.239698737859726,-2.096391886472702,17.86821946501732,-5.212554544210434,-3.4158334881067276,6.672250926494598,-9.963628023862839,1.500498205423355,2.5763203501701355,-4.930617429316044,-0.23711564019322395,-4.034516707062721,-5.5955317839980125,-3.9464141502976418,-12.479663491249084,10.944265455007553,6.300252705812454,6.883915215730667,-4.585096970200539,1.8952760100364685,-0.9113955423235893,-3.1500049233436584,8.631085228174925,-2.1570310294628143,-12.226030737161636,-6.502355388831347,7.711905166506767,1.6251850128173828,11.23927652835846,-2.227648578584194,2.3705417923629284,-11.211715701967478,8.004072087816894,-3.7559092454612255,3.5711941197514534,-3.1928937546908855,-6.149483278393745,-7.557281732559204,6.979460299015045,-13.350108087062836,-3.685848131775856,-1.010625433176756,-8.61600798368454,-1.98020401597023,4.117043696343899,9.324276402592659,-8.238941296935081,6.516354143619537,11.153027731925249,-16.86812052130699,-12.217059761285782,0.7816253304481506,-4.651488363742828,-1.6110031008720398,-3.20587956905365,6.152397096157074,-0.14550508558750153,0.9348343461751938,10.969995439052582,30.063878536224365,-2.249970406293869,-6.836340736597776,10.13106656074524,-1.066044643521309,4.2040312476456165,-1.2022226452827454,-7.748827427625656,13.897421181201935,7.631049556657672,-3.12150976061821,-5.60412260890007,1.425384083762765,10,5.754324525594711,3.7812522500753403,-5.724048957228661,-22.546905983239412,18.67334482073784,1.4030577912926674,9.419304793234915,14.545194447040558,11.187239065766335,-9.673076190054417,9.79617191851139,-9.960234384983778,-9.759324898943305,5.093582391738892,-7.459585547447205,-3.926130972802639,4.544609844684601,-23.83840997517109,10.21771502494812,9.90322395041585,-10.764551982283592,2.404713049530983,4.355886549223214,7.863742407411337,17.96024450659752,5.648354537785053,19.240357033908367,-5.61621842905879,-14.282489739358425,17.748181864619255,-25.037427991628647,13.773384254425764,-23.872723691165447,6.9778428971767426,4.770886842394248,-8.30717035382986,-4.173560872673988,-7.707673437893391,-17.827126175165176,6.366178870201111,-19.558299332857132,15.128306694328785,3.396995073184371,-22.825034499168396,11.172087958082557,-2.7630237862467766,10.376127993687987,-4.039539808407426,-8.615727484226227,-17.955636004568078,14.831838354468346,-1.541344297118485,9.17240722477436,1.3424835354089737,5.535524606704712,-21.437858805060387,-6.016923852264881,-12.953530579805374,6.249929452314973,13.65311200171709,-9.497764958068728,-14.212405562400818,11.330702409148216,-6.166994504630566,-6.973001658916473,-2.5926359687000513,-13.514180079102516,-14.510502219200134,11.057641951367259,8.926131032407284,11.592972341924906,-0.8908838795032352,0.1874816920608282,-15.768363580107689,-16.977918967604637,-12.794209769926965,-14.760327458381653,3.734599769115448,0.369562067091465,-3.2159008979797363,2.6031588912010193,9.683873265981674,11.445980653166771,18.64006045460701,-15.81675009522587,-4.4496155977249146,8.797706000041217,-0.10770036280155182,2.339648574590683,-3.4393053501844406,16.82321137189865,4.324194633867592,8.869406547397375,-0.7044162452220917,1.8085207026451826,6.5289599895477295
0.28040915727615356,-4.690490871667862,0.11760835349559784,4.933961011469364,-8.154270365834236,-0.7756472826004028,6.226497799158096,-5.689992249011993,-7.340022712945938,-7.808263510465622,-4.628179006278515,-2.959330201148987,-7.1094716638326645,-7.231866165995598,-11.145029626786709,0.744049958884716,5.426079213619232,4.136382550001144,-3.7949171662330627,2.2407308220863342,-11.043731212615967,-0.5324210524559021,-1.5492736101150513,5.924165070056915,5.7936430256813765,4.562394130975008,-0.9822980463504791,-7.066187530755997,-2.207860291004181,6.24106371589005,-3.826248362660408,-1.4925799667835236,9.733689308166504,-2.043463945388794,0.5758138298988342,-4.091626986861229,3.7525762915611267,10.909287214279175,-7.924009025096893,2.506164401769638,-2.857997179031372,3.706016853451729,-5.116133458912373,0.46934711933135986,5.011568738147616,-15.122374877333641,12.391997277736664,-5.531925827264786,4.748922646045685,-1.4377188757061958,1.131142720580101,8.446279168128967,6.611958742141724,8.801000655097596,8.25084362924099,-14.68924143910408,9.377418041229248,-2.1622763574123383,10.056773662567139,-5.459906756877899,9.809236198663712,0.6763601005077362,0.5562765598297119,10.967348739504814,4.511294819414616,1.8319178111851215,-11.949812591075897,-3.160559471696615,-6.901461511850357,0.9971463158726692,-1.3546767234802246,5.086147844791412,-1.1665232181549072,-3.16752627491951,-0.5688765048980713,1.5880623906850815,-3.2831012085080147,6.899343758821487,2.2484657876193523,1.6089993119239807,-2.301039882004261,2.3855937272310257,-0.4854773133993149,2.0064548514783382,-3.010142683982849,-1.5763593316078186,-4.07626348733902,-2.5359421093016863,3.4595171213150024,4.539239600300789,-2.056184694170952,-8.007045719772577,-1.1365694999694824,5.6898611187934875,-3.5480421036481857,-2.6964540034532547,11,7.04606880992651,2.1645131781697273,3.6625466123223305,5.185539409518242,-5.772366985678673,-5.647492170333862,-0.07361698150634766,5.059152662754059,-3.39592182636261,-6.355424724519253,-0.17567726969718933,4.905101738870144,-9.164579302072525,-7.917623437941074,-6.161764279007912,-0.9461822211742401,8.359471201896667,9.62782210111618,-8.702031284570694,0.22032621502876282,-1.4549997448921204,-1.145153671503067,-2.7936292439699173,2.6683494448661804,4.444494992494583,0.3805432952940464,-1.866819977760315,-16.083458483219147,2.719977557659149,0.5191203355789185,0.37472182884812355,3.214200347661972,9.335142999887466,-1.9611723572015762,-3.403069995343685,2.030709445476532,-0.2924039959907532,-1.2513133436441422,-6.563889359589666,-2.742104157805443,-7.101326271891594,5.7555557787418365,1.4521382749080658,1.974113442003727,5.411531751975417,-7.462775379419327,4.975972145795822,-7.7260701060295105,0.42665331065654755,-4.802742913365364,6.320015344768763,4.453650176525116,-2.2442519441246986,-8.191150398459285,11.91549327224493,-11.29559426382184,8.662351951003075,0.6116570234298706,12.198026776313782,4.661045968532562,6.016914635896683,-7.71544086933136,2.8584039211273193,13.147895046975464,-1.189101129770279,-1.8731149286031723,-7.994873553514481,-5.680772960186005,-0.18795497715473175,-4.5401860028505325,5.9864363223314285,3.060987040400505,3.0192920342087746,-7.694146364927292,0.1691318154335022,0.5227958112955093,-2.1716905161738396,5.497379541397095,-4.182045668363571,-8.932465121150017,-5.191047728061676,-4.294840916991234,-2.592082731425762,0.1858953833580017,-8.035140588879585,-2.887640357017517,-1.1496582627296448,-2.2945403456687927,4.851318784058094,1.849876582622528,3.8421296030282974,-1.7214465886354446,1.1596791185438633,6.012505829334259,-4.874129328876734,0.47472313046455383
-2.163658306002617,-6.823357358574867,-5.29426671564579,6.7254844307899475,0.4531480371952057,13.895727455615997,9.92165693640709,-7.005547936540097,-1.332751601934433,-8.260441586375237,2.3965970277786255,-5.098923921585083,-5.872753739356995,-3.170931041240692,-5.324930191040039,4.234754353761673,-5.186058953404427,-3.847187638282776,-9.333044201135635,-6.056867897510529,-8.109974287450314,4.03809267282486,-6.103850722312927,9.686581015586853,13.048429012298584,-1.0425711572170258,-2.1996213495731354,-6.74260239303112,4.717977054417133,6.404627799987793,2.440626561641693,-2.9844345152378082,13.462233424186707,2.1665453016757965,-0.052974432706832886,0.2357848882675171,4.3539875745773315,-5.493075877428055,-9.980998784303665,1.3624950051307678,0.6863237246870995,10.576526021584868,7.227152705192566,-9.300764799118042,7.752459172159433,-2.5817502019926906,7.906770030036569,-9.006898328661919,5.6529083997011185,-3.2713618529960513,5.6038943231105804,16.17507302761078,-6.53195533156395,13.492799997329712,-5.975598305463791,-6.535521425306797,7.362337827682495,8.066764414310455,22.24558687210083,-5.925204575061798,2.5446387995034456,-7.907173663377762,-1.436466321349144,2.950629813130945,-1.6159563064575195,3.703381724655628,-12.189959198236465,3.5575412809848785,0.12504440546035767,5.830907344818115,-5.533150553703308,4.942491561174393,0.8519419394433498,-11.696950214914978,-3.058558374643326,-3.492060124874115,-8.179019659757614,4.818949073553085,5.001207768917084,8.405852973461151,-9.27977941930294,1.3127390146255493,9.971204221248627,6.141013838350773,-3.4479911774396896,9.239557035267353,3.3632484525442123,-8.83920969069004,9.97983804345131,1.775726467370987,-12.488613784313202,-1.1483542323112488,-2.2708844989538193,1.9370899125933647,-5.771378133445978,-0.6738483011722565,12,2.0954810976982117,-2.231591209769249,-3.2433083802461624,4.745780225843191,-2.480438232421875,4.891845226287842,8.88774411007762,-12.45728588104248,-6.8862496465444565,-6.224865108728409,-0.7739810347557068,-1.4970855712890625,-8.918255418539047,-8.397645354270935,-2.596401646733284,4.8519032299518585,0.08076859638094902,-10.693141013383865,-4.6760348081588745,-7.143717676401138,-11.334363013505936,2.82286623865366,-3.490313559770584,12.772828578948975,16.154684104025364,-1.3431634306907654,-2.335211895406246,-12.791600622236729,4.624417170882225,6.11704764701426,1.6409540176391602,-4.930218398571014,20.629622282460332,4.433947190642357,-1.6136814951896667,-1.8429762721061707,7.376548960804939,-6.651733405888081,-10.7799486592412,5.312653213739395,-1.306639313697815,8.097958520054817,9.081984639167786,-9.18763992190361,-0.5982828885316849,-2.093447297811508,11.12159011606127,-8.152507745660841,3.7310776859521866,-5.948140653781593,8.388580799102783,13.028153657913208,-6.303060680627823,11.76887583732605,-1.0050836950540543,-10.430237293243408,8.328196704387665,5.515147492289543,29.311965227127075,-10.636818408966064,2.2314246594905853,-3.902356583625078,-3.2607328444719315,6.893310189247131,2.629421353340149,-0.6184517852962017,-10.958931937813759,-1.15836501121521,-0.8108660578727722,0.4821787476539612,-5.476802155375481,6.711927741765976,-2.9275312605313957,-11.852127969264984,1.0426227152347565,-0.8441634476184845,-6.133579105138779,2.862389177083969,-2.2576181888580322,4.388584285974503,-13.440256774425507,-0.8041978478431702,4.997873485088348,7.532785549759865,2.082229234278202,14.446047589182854,0.9842414408922195,-9.513881802558899,7.478147894144058,0.47999462485313416,-9.381890803575516,5.563473463058472,-5.4687884747982025,6.140187233686447,-3.588344767689705,-0.7013193815946579
-0.4136478304862976,0.6133888848125935,3.8020454049110413,-6.060059726238251,2.4176178574562073,-8.298107385635376,-8.942340016365051,-4.7256057392805815,0.6321995258331299,-5.608258640393615,-9.92991191148758,3.433065801858902,-3.823788495734334,0.24163276329636574,-1.999009370803833,-1.142632208764553,6.6471216678619385,4.930204272270203,-12.414183378219604,3.634154975414276,-2.9642337262630463,-5.659956276416779,-1.2507984787225723,5.300177842378616,6.984271094202995,2.0943854600191116,4.7309006452560425,-7.496490612626076,4.340150743722916,-3.6316848173737526,-3.5407212525606155,-3.3153628185391426,-5.0305090472102165,-2.7936190962791443,3.2516915053129196,-7.472753033041954,7.144377201795578,-4.518802724778652,5.340265117585659,5.031290739774704,-2.9640554636716843,3.8268095273524523,-6.672303318977356,-0.7482651025056839,-2.326246604323387,-7.233047336339951,-6.185429185628891,-7.180425524711609,2.9809181690216064,-0.6178499162197113,1.4339020401239395,-0.4372665584087372,0.7750316560268402,-0.7182841897010803,16.901434987783432,2.788203179836273,0.4549154124688357,1.8159282244741917,-0.001443028450012207,0.20265651494264603,0.711055338382721,-6.543778631836176,0.9872713088989258,7.601371832191944,5.353400826454163,-1.8687155991792679,-6.8167103342711926,-10.835056066513062,-2.7627804279327393,-2.450004294514656,-1.6612513959407806,8.33037893474102,5.345311209559441,-4.696539252996445,-6.191053371876478,-4.7334557846188545,3.164781838655472,1.3697423413395882,8.86972489953041,-4.58697172999382,-3.990495502948761,0.7228175150230527,8.093468807637691,13.881990849971771,-0.1162131279706955,2.040676772594452,-1.5673239827156067,-4.9654784351587296,16.372091472148895,-4.899583952501416,3.2591307014226913,2.113756239414215,-0.8613251894712448,-2.9522399213165045,9.14417415857315,-4.676260462030768,13,1.888007402420044,-1.6676056683063507,-0.21801626682281494,-7.028891861438751,5.355639159679413,-3.558888293802738,-11.428928315639496,-5.680013403296471,-3.0674681067466736,-4.95415536314249,-5.166257321834564,4.012515366077423,-4.299611806869507,1.2004191279411316,-3.143251419067383,-1.0998676419258118,6.376506984233856,8.480954885482788,-11.692081928253174,-0.7893189191818237,-1.9456517398357391,-3.746197462081909,-1.3127921521663666,4.912411168217659,3.8198570758104324,5.8387798219919205,6.876161634922028,-8.135830879211426,5.381958335638046,-0.6557163000106812,-5.434531822800636,-0.3721582889556885,-5.375095270574093,0.08081412315368652,3.0442289412021637,-2.624560236930847,1.4736376702785492,-3.6833550110459328,-1.4023360013961792,3.213949292898178,-5.283100366592407,3.577170530334115,-4.488302320241928,-0.7279737889766693,-3.058770164847374,-4.305898696184158,-3.508080929517746,-2.549003094434738,4.024275556206703,-2.868545353412628,2.8627889752388,0.43150559067726135,-0.763013944029808,-6.5236236453056335,19.612002819776535,2.6969131231307983,-1.8787959814071655,0.48264890909194946,1.6873431205749512,-1.4899711031466722,3.1664978882763535,-2.5174605548381805,-3.0323210954666138,7.71193515509367,1.2700539268553257,-3.989304855465889,-6.773724049329758,-8.294859647750854,-2.211888939142227,-2.7933779880404472,-2.9183623492717743,7.754597693681717,4.9341593235731125,-3.9168091416358948,-4.737867210060358,-3.7764478996396065,3.6854209303855896,0.2186337113380432,9.16791445761919,-7.097707122564316,-6.796804904937744,1.5165441781282425,9.181131184101105,11.302953600883484,-0.6223786398768425,0.7297982573509216,-0.7143297642469406,-4.1191538125276566,13.438443541526794,0.06273479014635086,0.7804262638092041,3.7369747310876846,0.47791656106710434,-2.6043608486652374,11.139142453670502,-4.5772451516240835
33.14777104742825,-6.78488726913929,-1.9077736586332321,-3.2893368527293205,15.210737824440002,-3.5610603038221598,-5.679735705256462,-0.02663789689540863,11.645269077271223,-19.025132723152637,22.098576210439205,-1.9631196819245815,-17.939929973334074,-6.149774923920631,-7.952751822769642,-1.4304976761341095,14.03426057845354,-13.427036009728909,-7.994380407966673,-9.337319426238537,-17.382397547364235,11.271636918187141,-9.903224721550941,17.182036580517888,8.354163986630738,1.263262614607811,25.498965125530958,-25.486189119517803,3.2910098135471344,9.188462726771832,-7.431079023517668,-3.473300295881927,-0.6706784246489406,4.20440610870719,3.9456956405192614,-20.914407394826412,1.8983720690011978,-13.871958769857883,-9.681011028587818,6.269745841622353,-18.472830414772034,13.653601806610823,-1.1979218849446625,-19.398221876937896,2.498982585966587,1.7890585828572512,5.504360660910606,-10.115361750125885,-9.498244360089302,-24.5466041052714,30.883727103471756,2.6593913920223713,-6.521097216755152,11.496698872186244,12.302825421094894,-12.323672093451023,5.0274100955575705,-5.078021004796028,5.164099683985114,-13.837794348597527,12.533166080713272,-10.603665959089994,-5.21738750860095,3.5402997583150864,5.664395648986101,-8.376296292990446,-26.20179544389248,-17.692570455372334,1.480148658156395,-4.599101424217224,-4.708390656858683,25.074128437787294,7.62366115488112,-34.192720972467214,-10.925400793552399,-12.130073860287666,-14.775815017521381,11.530311297625303,-14.275499619543552,17.55005891621113,0.3810889949090779,4.5317739099264145,3.5560239255428314,31.865249186754227,-20.388801008462906,12.538661800324917,19.381665468215942,-20.183483477681875,7.825112573802471,-10.182223439216614,0.6003037020564079,7.511304408311844,13.500654399394989,3.668958122842014,-0.4453577948734164,-6.225292202085257,14,34.394463105127215,-5.499566435813904,-5.82624189555645,-3.879248894751072,17.887720838189125,-0.34256728179752827,-4.0171662122011185,2.343526318669319,11.094333312124945,-17.34850073605776,21.285291992127895,-2.5296229384839535,-19.8911766782403,-7.108610987663269,-2.286559522151947,-3.691818632185459,19.293219350278378,-15.10605400800705,-8.439666485413909,-12.567625358700752,-18.10686906427145,8.246785044670105,-12.845282331109047,14.040940722450614,10.690528725273907,4.712618719786406,24.172043811529875,-25.803327292203903,0.4099883884191513,11.154939748346806,-11.204504263587296,-5.42020876891911,2.399471760727465,4.6278450936079025,2.72283099219203,-16.554473102092743,1.6147866398096085,-15.594536945223808,-10.79416660219431,8.665462270379066,-23.751071989536285,11.922710910439491,-4.64979388541542,-13.7885876968503,-4.3454402685165405,3.767307552974671,7.58046767860651,-7.390242099761963,-10.922673098742962,-21.943326612003148,34.03711220622063,8.991567021235824,-5.579799685627222,11.124531981535256,9.357112637721002,-12.55951214581728,6.261713311076164,-0.4697220027446747,7.610079319216311,-8.785912185907364,16.247616231441498,-13.51176717877388,-10.488809283822775,3.7444224506616592,1.695815846323967,-10.066635368391871,-29.17907503247261,-20.172305622836575,-1.431636594235897,-2.9374549090862274,-4.903624881058931,22.96301770210266,2.985970536246896,-36.7553608645685,-13.858387932181358,-11.79877033829689,-15.041402503848076,4.532453116029501,-10.183265554718673,18.17405016347766,3.1498802937567234,4.0688532292842865,2.1068104803562164,35.185028195381165,-23.237112537026405,11.17251082509756,26.426862001419067,-19.758281335234642,7.106356032192707,-10.146487548947334,-2.2265620455145836,8.297942425124347,14.342560321092606,-0.4839888447895646,0.3696381160989404,-5.653111223131418
23.418120235204697,-14.550286829471588,4.7381494008004665,0.855095624923706,16.49858507514,-4.5448794066905975,-11.744195640087128,4.254023812711239,9.441702157258987,-10.973462969064713,15.168072238564491,-7.380456268787384,-13.932191379368305,-3.0523306280374527,-11.031194746494293,1.8172591924667358,9.051198311150074,-4.6937632486224174,-14.804306074976921,4.111060657538474,-19.314187459647655,-10.185413703205995,-9.760481595993042,2.9389266669750214,2.2828442603349686,-0.8089730367064476,1.2234432809054852,-21.178495973348618,-3.2128565162420273,-0.13799147680401802,-3.948549270629883,-8.56202922295779,0.9059136509895325,-9.740890115499496,10.269399255514145,-4.674608140252531,-4.470238551497459,-5.213308475911617,1.8070919662714005,8.90236645936966,-8.658321119844913,3.6499945744872093,-4.9812348280102015,0.6034339517354965,11.348972514271736,-2.6933539249002934,6.57890447974205,-5.360302269458771,-7.265857428312302,-11.219430699944496,24.307743549346924,7.197348475456238,-4.0093216598033905,9.067835927009583,22.403307780623436,-9.94228832051158,-3.623856842517853,0.5114265978336334,9.382227629423141,-0.9320663511753082,4.1753978580236435,-9.672747671604156,-4.502788305282593,-7.004369819536805,7.865907728672028,-12.36933472380042,-15.567626744508743,-12.523160681128502,-6.227989912033081,-0.8821218609809875,0.45088402926921844,22.08654995262623,5.099770999979228,-9.40260136500001,-7.759225033223629,-16.794667102396488,-1.0863891690969467,4.88875359389931,0.0321211963891983,5.789509445428848,-0.3465152680873871,2.8344131261110306,10.92277908581309,22.878145452588797,-12.06778272986412,-2.210174709558487,5.894052401185036,-22.335559874773026,7.682395078241825,0.5859099328517914,-2.665477182716131,-5.837207496166229,25.662062346935272,-3.7631669268012047,11.024227879941463,5.884934291243553,15,19.437661349773407,-5.8312783017754555,1.277505561709404,1.2365433722734451,2.6486078947782516,6.542363151907921,3.607851347886026,-16.84364715218544,4.0810118690133095,-22.38464665412903,17.201053952798247,-15.808306565508246,-9.242209404706955,10.842247545719147,-5.703546471893787,-2.160989724099636,8.040797963738441,-22.99427020549774,6.639211446046829,-5.518525294959545,-16.498648762702942,11.137469787150621,-4.519837558269501,14.447847666218877,17.037488663569093,-4.191791787743568,-8.417121037840843,-5.583811670541763,-1.5099744647741318,9.123977441340685,-4.9062827080488205,5.132142908871174,-15.378588482737541,-3.1553069464862347,11.013849141076207,-14.973964288830757,12.592356271110475,-5.4420294761657715,-5.921050686389208,14.630015447735786,-1.6964469850063324,-2.8183340951800346,1.2412976920604706,-11.56120890751481,4.570115685462952,-12.174677431583405,0.3772125467658043,-4.20063566416502,-4.9657760094851255,-16.79544472694397,5.768967648211401,10.571393430233002,9.859238157048821,17.326114982366562,2.9992872029542923,-9.129178002476692,17.361534237861633,-2.1851690523326397,15.675568506121635,-3.318651519715786,20.002150744199753,-4.569277763366699,-3.4840456657111645,-4.82853589951992,-0.5070025660097599,-4.7489383816719055,-11.805030040442944,0.503520819824189,-2.787090301513672,-1.0224682465195656,4.475477159023285,18.10063263773918,3.9770900309085846,-21.281645141541958,1.659799337387085,-9.349421091377735,-13.969791620969772,9.71387568488717,-3.5765055641531944,5.926983177661896,3.7125081568956375,7.680179223418236,2.7668874114751816,31.12055267393589,-4.288522660732269,-2.743882067501545,7.350361816585064,-9.608367666602135,-4.534112572669983,3.7603317871689796,-4.870519859949127,-4.584713101387024,-14.114285498857498,-3.4392089918255806,-6.254022629931569,-5.8537590387277305
4.803530260920525,-1.795974314212799,-1.9122350811958313,6.605356365442276,-1.8355544582009315,-3.2610188722610474,5.650374352931976,-3.6511470675468445,-6.3855807185173035,-4.499019265174866,-5.681004285812378,0.5885552167892456,2.0294525027275085,-2.2490084171295166,0.4590006470680237,0.052563607692718506,-0.038862042129039764,-3.281978815793991,-4.40160945057869,3.899834096431732,-2.201268807053566,-0.4069008231163025,4.778031706809998,3.102792501449585,-0.27501893043518066,-0.7130032181739807,3.504617288708687,-0.6222293972969055,3.8184921741485596,-1.4474613070487976,-3.1411034911870956,-3.0482038110494614,10.012149393558502,-2.8346277475357056,1.0038212537765503,0.7417187094688416,1.1030468940734863,-3.5072483643889427,-6.164891541004181,1.8434811383485794,0.2068522870540619,8.908564925193787,1.4162741526961327,1.4606013298034668,4.487883120775223,-5.242872282862663,4.600247651338577,0.7517086267471313,5.397329747676849,0.06960806739516556,5.731256455183029,7.776578590273857,-0.4290139675140381,-2.2121504843235016,-3.0271618962287903,-8.340106189250946,0.7297120988368988,4.189083332195878,5.559435606002808,-0.17212551832199097,4.8474003076553345,-2.433212488889694,0.11726188659667969,1.4687670469284058,-3.287526309490204,-4.491782456636429,-5.751465678215027,-5.32013201713562,-1.0911104530096054,0.04661402106285095,4.531585991382599,4.0825276374816895,-3.640655944123864,-0.5034881010651588,-4.2258418798446655,1.454819917678833,-1.4540435671806335,-0.7632006108760834,0.005991943180561066,-2.5487247928977013,0.9017414450645447,-2.3436070680618286,5.876762557774782,6.398026466369629,-1.5197060704231262,-4.3849116414785385,-6.578456401824951,-3.757093835622072,5.870772361755371,-0.03158976137638092,-8.032047271728516,-0.5788925886154175,0.5314222276210785,2.1815491914749146,2.5770896077156067,4.397160366177559,16,7.928919093916193,0.9350135922431946,-0.5649450719356537,7.830459833145142,-3.4852721989154816,-3.550750732421875,5.402211666107178,1.0540910959243774,-6.311801910400391,-7.074491174891591,-1.319358229637146,4.6777233481407166,1.1919916868209839,-6.460188090801239,0.2515580654144287,1.0150706768035889,1.2870677709579468,-2.362234741449356,-1.815329909324646,-1.1857624053955078,-4.125987768173218,1.2474399209022522,4.006878614425659,7.0588181503117085,-1.0041945576667786,0.5524451732635498,0.6318122148513794,-0.029854778200387955,3.8525571823120117,0.7065873146057129,-5.763922944664955,0.08950543403625488,4.165013462305069,0.5614506006240845,5.213385164737701,1.1506322622299194,-0.07437002658843994,-6.87774920463562,-5.9758385345339775,1.7130755186080933,-2.0962295830249786,8.87565529346466,-0.8583252727985382,-3.9320696592330933,6.68930447101593,-0.7331057488918304,6.2193315625190735,1.4806532859802246,4.3919243812561035,-1.5002739131450653,5.013807862997055,5.762679606676102,-0.8002601265907288,-1.5661539044231176,0.9827499836683273,-7.003473162651062,0.6724602580070496,3.3012143075466156,5.785038709640503,2.6945717483758926,2.4970571994781494,-1.475211188197136,0.5985925197601318,0.03440523147583008,-4.346273690462112,-3.694399043917656,-5.083051562309265,-4.9225239753723145,-1.0301141291856766,1.6912838518619537,3.1833415627479553,-0.33190208673477173,-2.15466845035553,-5.731462240219116,-4.77344423532486,0.12928390502929688,0.5921831130981445,-4.152269601821899,-1.2831237241625786,-3.1496524810791016,-5.990636050701141,-5.7835506200790405,6.152613520622253,9.488421618938446,-0.5252664387226105,-1.5860150903463364,-10.469608647748828,1.1425442323088646,4.842811018228531,-2.5929593443870544,-8.679713882505894,-0.6746205687522888,-0.5664606243371964,3.81296955794096,0.8767049312591553,2.8299462124705315
